date,ust_2y,ust_5y,ust_10y,ust_30y,spread_2s10s,spread_5s30s,spread_2s30s,spread_10s30s,spread_5s10s
2024-09-23,3.545,3.496,3.739,4.082,19.4,58.6,53.7,34.3,24.3
2024-09-24,3.516,3.479,3.736,4.089,22.0,61.0,57.3,35.3,25.7
2024-09-25,3.55,3.518,3.781,4.134,23.1,61.6,58.4,35.3,26.3
2024-09-26,3.616,3.559,3.791,4.124,17.5,56.5,50.8,33.3,23.2
2024-09-27,3.558,3.503,3.749,4.098,19.1,59.5,54.0,34.9,24.6
2024-09-30,3.648,3.577,3.802,4.134,15.4,55.7,48.6,33.2,22.5
2024-10-01,3.546,3.521,3.743,4.08,19.7,55.9,53.4,33.7,22.2
2024-10-02,3.562,3.553,3.785,4.132,22.3,57.9,57.0,34.7,23.2
2024-10-03,3.639,3.635,3.85,4.18,21.1,54.5,54.1,33.0,21.5
2024-10-04,3.856,3.813,3.981,4.267,12.5,45.4,41.1,28.6,16.8
2024-10-07,3.947,3.869,4.026,4.306,7.9,43.7,35.9,28.0,15.7
2024-10-08,3.924,3.864,4.033,4.321,10.9,45.7,39.7,28.8,16.9
2024-10-09,3.962,3.908,4.067,4.339,10.5,43.1,37.7,27.2,15.9
2024-10-10,3.934,3.919,4.096,4.386,16.2,46.7,45.2,29.0,17.7
2024-10-11,3.883,3.879,4.073,4.383,19.0,50.4,50.0,31.0,19.4
2024-10-14,3.957,3.9,4.098,4.409,14.1,50.9,45.2,31.1,19.8
2024-10-15,3.911,3.86,4.038,4.329,12.7,46.9,41.8,29.1,17.8
2024-10-16,3.893,3.842,4.016,4.299,12.3,45.7,40.6,28.3,17.4
2024-10-17,3.944,3.909,4.096,4.395,15.2,48.6,45.1,29.9,18.7
2024-10-18,3.92,3.876,4.073,4.38,15.3,50.4,46.0,30.7,19.7
2024-10-21,3.991,3.976,4.182,4.487,19.1,51.1,49.6,30.5,20.6
2024-10-22,3.991,4.005,4.204,4.493,21.3,48.8,50.2,28.9,19.9
2024-10-23,4.049,4.057,4.242,4.516,19.3,45.9,46.7,27.4,18.5
2024-10-24,4.053,4.019,4.2,4.465,14.7,44.6,41.2,26.5,18.1
2024-10-25,4.079,4.051,4.232,4.499,15.3,44.8,42.0,26.7,18.1
2024-10-28,4.139,4.108,4.278,4.53,13.9,42.2,39.1,25.2,17.0
2024-10-29,4.117,4.104,4.274,4.519,15.7,41.5,40.2,24.5,17.0
2024-10-30,4.149,4.127,4.266,4.48,11.7,35.3,33.1,21.4,13.9
2024-10-31,4.161,4.155,4.284,4.473,12.3,31.8,31.2,18.9,12.9
2024-11-01,4.165,4.209,4.361,4.558,19.6,34.9,39.3,19.7,15.2
2024-11-04,4.141,4.167,4.309,4.494,16.8,32.7,35.3,18.5,14.2
2024-11-05,4.164,4.172,4.289,4.45,12.5,27.8,28.6,16.1,11.7
2024-11-06,4.242,4.272,4.426,4.602,18.4,33.0,36.0,17.6,15.4
2024-11-07,4.196,4.192,4.341,4.543,14.5,35.1,34.7,20.2,14.9
2024-11-08,4.216,4.192,4.306,4.477,9.0,28.5,26.1,17.1,11.4
2024-11-11,4.264,4.195,4.308,4.475,4.4,28.0,21.1,16.7,11.3
2024-11-12,4.305,4.314,4.432,4.577,12.7,26.3,27.2,14.5,11.8
2024-11-13,4.262,4.301,4.451,4.637,18.9,33.6,37.5,18.6,15.0
2024-11-14,4.267,4.292,4.418,4.583,15.1,29.1,31.6,16.5,12.6
2024-11-15,4.277,4.298,4.428,4.601,15.1,30.3,32.4,17.3,13.0
2024-11-18,4.262,4.277,4.414,4.606,15.2,32.9,34.4,19.2,13.7
2024-11-19,4.247,4.246,4.379,4.565,13.2,31.9,31.8,18.6,13.3
2024-11-20,4.279,4.275,4.406,4.592,12.7,31.7,31.3,18.6,13.1
2024-11-21,4.322,4.305,4.432,4.622,11.0,31.7,30.0,19.0,12.7
2024-11-22,4.34,4.298,4.41,4.595,7.0,29.7,25.5,18.5,11.2
2024-11-25,4.26,4.172,4.265,4.447,0.5,27.5,18.7,18.2,9.3
2024-11-26,4.252,4.19,4.302,4.48,5.0,29.0,22.8,17.8,11.2
2024-11-27,4.208,4.113,4.242,4.427,3.4,31.4,21.9,18.5,12.9
2024-11-29,4.182,4.055,4.178,4.366,-0.4,31.1,18.4,18.8,12.3
2024-12-02,4.142,4.095,4.196,4.361,5.4,26.6,21.9,16.5,10.1
2024-12-03,4.124,4.106,4.223,4.394,9.9,28.8,27.0,17.1,11.7
2024-12-04,4.068,4.062,4.18,4.347,11.2,28.5,27.9,16.7,11.8
2024-12-05,4.101,4.076,4.18,4.336,7.9,26.0,23.5,15.6,10.4
2024-12-06,4.05,4.034,4.151,4.331,10.1,29.7,28.1,18.0,11.7
2024-12-09,4.073,4.072,4.199,4.39,12.6,31.8,31.7,19.1,12.7
2024-12-10,4.104,4.097,4.221,4.408,11.7,31.1,30.4,18.7,12.4
2024-12-11,4.12,4.134,4.271,4.479,15.1,34.5,35.9,20.8,13.7
2024-12-12,4.153,4.176,4.324,4.547,17.1,37.1,39.4,22.3,14.8
2024-12-13,4.194,4.248,4.399,4.615,20.5,36.7,42.1,21.6,15.1
2024-12-16,4.218,4.254,4.397,4.608,17.9,35.4,39.0,21.1,14.3
2024-12-17,4.218,4.248,4.385,4.579,16.7,33.1,36.1,19.4,13.7
2024-12-18,4.305,4.38,4.494,4.659,18.9,27.9,35.4,16.5,11.4
2024-12-19,4.271,4.425,4.57,4.74,29.9,31.5,46.9,17.0,14.5
2024-12-20,4.25,4.38,4.524,4.716,27.4,33.6,46.6,19.2,14.4
2024-12-23,4.306,4.445,4.599,4.784,29.3,33.9,47.8,18.5,15.4
2024-12-24,4.31,4.438,4.591,4.765,28.1,32.7,45.5,17.4,15.3
2024-12-26,4.327,4.433,4.579,4.762,25.2,32.9,43.5,18.3,14.6
2024-12-27,4.32,4.456,4.619,4.811,29.9,35.5,49.1,19.2,16.3
2024-12-30,4.248,4.37,4.545,4.763,29.7,39.3,51.5,21.8,17.5
2024-12-31,4.229,4.38,4.573,4.786,34.4,40.6,55.7,21.3,19.3
2025-01-02,4.227,4.38,4.575,4.798,34.8,41.8,57.1,22.3,19.5
2025-01-03,4.257,4.41,4.596,4.814,33.9,40.4,55.7,21.8,18.6
2025-01-06,4.248,4.422,4.618,4.838,37.0,41.6,59.0,22.0,19.6
2025-01-07,4.278,4.465,4.683,4.91,40.5,44.5,63.2,22.7,21.8
2025-01-08,4.267,4.467,4.693,4.932,42.6,46.5,66.5,23.9,22.6
2025-01-09,4.247,4.467,4.693,4.932,44.6,46.5,68.5,23.9,22.6
2025-01-10,4.411,4.593,4.776,4.965,36.5,37.2,55.4,18.9,18.3
2025-01-13,4.396,4.617,4.803,4.986,40.7,36.9,59.0,18.3,18.6
2025-01-14,4.352,4.59,4.788,4.984,43.6,39.4,63.2,19.6,19.8
2025-01-15,4.254,4.444,4.653,4.879,39.9,43.5,62.5,22.6,20.9
2025-01-16,4.215,4.396,4.606,4.844,39.1,44.8,62.9,23.8,21.0
2025-01-17,4.255,4.414,4.609,4.845,35.4,43.1,59.0,23.6,19.5
2025-01-21,4.268,4.397,4.574,4.802,30.6,40.5,53.4,22.8,17.7
2025-01-22,4.279,4.426,4.599,4.814,32.0,38.8,53.5,21.5,17.3
2025-01-23,4.287,4.442,4.638,4.869,35.1,42.7,58.2,23.1,19.6
2025-01-24,4.268,4.428,4.626,4.848,35.8,42.0,58.0,22.2,19.8
2025-01-27,4.189,4.326,4.528,4.77,33.9,44.4,58.1,24.2,20.2
2025-01-28,4.207,4.345,4.551,4.79,34.4,44.5,58.3,23.9,20.6
2025-01-29,4.229,4.357,4.555,4.79,32.6,43.3,56.1,23.5,19.8
2025-01-30,4.205,4.311,4.512,4.758,30.7,44.7,55.3,24.6,20.1
2025-01-31,4.23,4.364,4.569,4.813,33.9,44.9,58.3,24.4,20.5
2025-02-03,4.231,4.357,4.543,4.771,31.2,41.4,54.0,22.8,18.6
2025-02-04,4.203,4.318,4.513,4.748,31.0,43.0,54.5,23.5,19.5
2025-02-05,4.173,4.243,4.422,4.642,24.9,39.9,46.9,22.0,17.9
2025-02-06,4.198,4.273,4.44,4.65,24.2,37.7,45.2,21.0,16.7
2025-02-07,4.27,4.334,4.487,4.69,21.7,35.6,42.0,20.3,15.3
2025-02-10,4.254,4.333,4.493,4.711,23.9,37.8,45.7,21.8,16.0
2025-02-11,4.285,4.37,4.537,4.75,25.2,38.0,46.5,21.3,16.7
2025-02-12,4.35,4.484,4.637,4.835,28.7,35.1,48.5,19.8,15.3
2025-02-13,4.312,4.386,4.525,4.732,21.3,34.6,42.0,20.7,13.9
2025-02-14,4.27,4.324,4.472,4.693,20.2,36.9,42.3,22.1,14.8
2025-02-18,4.27,4.393,4.544,4.762,27.4,36.9,49.2,21.8,15.1
2025-02-19,4.284,4.37,4.535,4.765,25.1,39.5,48.1,23.0,16.5
2025-02-20,4.259,4.342,4.5,4.738,24.1,39.6,47.9,23.8,15.8
2025-02-21,4.195,4.258,4.42,4.669,22.5,41.1,47.4,24.9,16.2
2025-02-24,4.176,4.23,4.393,4.648,21.7,41.8,47.2,25.5,16.3
2025-02-25,4.108,4.133,4.298,4.557,19.0,42.4,44.9,25.9,16.5
2025-02-26,4.075,4.077,4.249,4.507,17.4,43.0,43.2,25.8,17.2
2025-02-27,4.085,4.103,4.285,4.554,20.0,45.1,46.9,26.9,18.2
2025-02-28,3.997,4.028,4.231,4.516,23.4,48.8,51.9,28.5,20.3
2025-03-03,3.969,3.991,4.18,4.464,21.1,47.3,49.5,28.4,18.9
2025-03-04,3.92,4.003,4.21,4.517,29.0,51.4,59.7,30.7,20.7
2025-03-05,3.983,4.056,4.265,4.557,28.2,50.1,57.4,29.2,20.9
2025-03-06,3.966,4.061,4.286,4.58,32.0,51.9,61.4,29.4,22.5
2025-03-07,3.985,4.093,4.317,4.616,33.2,52.3,63.1,29.9,22.4
2025-03-10,3.875,3.974,4.213,4.539,33.8,56.5,66.4,32.6,23.9
2025-03-11,3.897,4.042,4.288,4.603,39.1,56.1,70.6,31.5,24.6
2025-03-12,3.967,4.079,4.318,4.633,35.1,55.4,66.6,31.5,23.9
2025-03-13,3.941,4.028,4.274,4.597,33.3,56.9,65.6,32.3,24.6
2025-03-14,3.983,4.082,4.308,4.615,32.5,53.3,63.2,30.7,22.6
2025-03-17,4.015,4.098,4.306,4.599,29.1,50.1,58.4,29.3,20.8
2025-03-18,4.007,4.07,4.281,4.579,27.4,50.9,57.2,29.8,21.1
2025-03-19,4.007,4.03,4.256,4.568,24.9,53.8,56.1,31.2,22.6
2025-03-20,3.937,4.007,4.233,4.557,29.6,55.0,62.0,32.4,22.6
2025-03-21,3.921,4.008,4.252,4.596,33.1,58.8,67.5,34.4,24.4
2025-03-24,4.001,4.097,4.331,4.655,33.0,55.8,65.4,32.4,23.4
2025-03-25,3.992,4.058,4.307,4.656,31.5,59.8,66.4,34.9,24.9
2025-03-26,4.011,4.083,4.338,4.683,32.7,60.0,67.2,34.5,25.5
2025-03-27,3.998,4.098,4.369,4.728,37.1,63.0,73.0,35.9,27.1
2025-03-28,3.915,3.981,4.255,4.633,34.0,65.2,71.8,37.8,27.4
2025-03-31,3.914,3.983,4.246,4.613,33.2,63.0,69.9,36.7,26.3
2025-04-01,3.815,3.91,4.156,4.516,34.1,60.6,70.1,36.0,24.6
2025-04-02,3.84,3.951,4.196,4.553,35.6,60.2,71.3,35.7,24.5
2025-04-03,3.695,3.761,4.055,4.485,36.0,72.4,79.0,43.0,29.4
2025-04-04,3.567,3.709,3.985,4.388,41.8,67.9,82.1,40.3,27.6
2025-04-07,3.638,3.84,4.155,4.593,51.7,75.3,95.5,43.8,31.5
2025-04-08,3.678,3.914,4.262,4.715,58.4,80.1,103.7,45.3,34.8
2025-04-09,3.927,4.101,4.4,4.793,47.3,69.2,86.6,39.3,29.9
2025-04-10,3.817,4.038,4.394,4.849,57.7,81.1,103.2,45.5,35.6
2025-04-11,3.881,4.16,4.493,4.877,61.2,71.7,99.6,38.4,33.3
2025-04-14,3.821,3.998,4.364,4.798,54.3,80.0,97.7,43.4,36.6
2025-04-15,3.819,3.963,4.323,4.776,50.4,81.3,95.7,45.3,36.0
2025-04-16,3.777,3.909,4.279,4.747,50.2,83.8,97.0,46.8,37.0
2025-04-17,3.757,3.942,4.333,4.809,57.6,86.7,105.2,47.6,39.1
2025-04-21,3.738,3.959,4.405,4.911,66.7,95.2,117.3,50.6,44.6
2025-04-22,3.81,3.977,4.389,4.879,57.9,90.2,106.9,49.0,41.2
2025-04-23,3.847,4.014,4.387,4.833,54.0,81.9,98.6,44.6,37.3
2025-04-24,3.801,3.927,4.305,4.765,50.4,83.8,96.4,46.0,37.8
2025-04-25,3.754,3.884,4.266,4.738,51.2,85.4,98.4,47.2,38.2
2025-04-28,3.693,3.816,4.216,4.694,52.3,87.8,100.1,47.8,40.0
2025-04-29,3.658,3.775,4.173,4.648,51.5,87.3,99.0,47.5,39.8
2025-04-30,3.622,3.752,4.177,4.681,55.5,92.9,105.9,50.4,42.5
2025-05-01,3.653,3.811,4.231,4.737,57.8,92.6,108.4,50.6,42.0
2025-05-02,3.791,3.932,4.322,4.795,53.1,86.3,100.4,47.3,39.0
2025-05-05,3.806,3.943,4.343,4.83,53.7,88.7,102.4,48.7,40.0
2025-05-06,3.762,3.898,4.308,4.813,54.6,91.5,105.1,50.5,41.0
2025-05-07,3.739,3.873,4.275,4.773,53.6,90.0,103.4,49.8,40.2
2025-05-08,3.832,3.994,4.373,4.836,54.1,84.2,100.4,46.3,37.9
2025-05-09,3.819,3.987,4.375,4.833,55.6,84.6,101.4,45.8,38.8
2025-05-12,3.954,4.101,4.457,4.888,50.3,78.7,93.4,43.1,35.6
2025-05-13,3.968,4.121,4.499,4.943,53.1,82.2,97.5,44.4,37.8
2025-05-14,4.001,4.162,4.528,4.967,52.7,80.5,96.6,43.9,36.6
2025-05-15,3.934,4.073,4.455,4.918,52.1,84.5,98.4,46.3,38.2
2025-05-16,3.978,4.064,4.441,4.899,46.3,83.5,92.1,45.8,37.7
2025-05-19,3.978,4.081,4.475,4.94,49.7,85.9,96.2,46.5,39.4
2025-05-20,3.964,4.067,4.481,4.967,51.7,90.0,100.3,48.6,41.4
2025-05-21,3.98,4.157,4.596,5.09,61.6,93.3,111.0,49.4,43.9
2025-05-22,3.98,4.113,4.553,5.065,57.3,95.2,108.5,51.2,44.0
2025-05-23,3.941,4.078,4.509,5.031,56.8,95.3,109.0,52.2,43.1
2025-05-27,3.975,4.023,4.434,4.94,45.9,91.7,96.5,50.6,41.1
2025-05-28,3.98,4.065,4.477,4.975,49.7,91.0,99.5,49.8,41.2
2025-05-29,3.934,3.998,4.424,4.923,49.0,92.5,98.9,49.9,42.6
2025-05-30,3.91,3.979,4.416,4.929,50.6,95.0,101.9,51.3,43.7
2025-06-02,3.872,4.017,4.462,4.995,59.0,97.8,112.3,53.3,44.5
2025-06-03,3.902,4.028,4.46,4.983,55.8,95.5,108.1,52.3,43.2
2025-06-04,3.906,3.932,4.365,4.887,45.9,95.5,98.1,52.2,43.3
2025-06-05,3.847,3.989,4.394,4.884,54.7,89.5,103.7,49.0,40.5
2025-06-06,3.999,4.126,4.51,4.963,51.1,83.7,96.4,45.3,38.4
2025-06-09,3.973,4.086,4.482,4.954,50.9,86.8,98.1,47.2,39.6
2025-06-10,3.972,4.084,4.474,4.94,50.2,85.6,96.8,46.6,39.0
2025-06-11,3.911,4.009,4.412,4.908,50.1,89.9,99.7,49.6,40.3
2025-06-12,3.911,3.96,4.357,4.842,44.6,88.2,93.1,48.5,39.7
2025-06-13,3.925,4.024,4.424,4.915,49.9,89.1,99.0,49.1,40.0
2025-06-16,3.901,4.035,4.452,4.954,55.1,91.9,105.3,50.2,41.7
2025-06-17,3.901,3.989,4.393,4.893,49.2,90.4,99.2,50.0,40.4
2025-06-18,3.901,3.993,4.397,4.895,49.6,90.2,99.4,49.8,40.4
2025-06-20,3.901,3.961,4.375,4.889,47.4,92.8,98.8,51.4,41.4
2025-06-23,3.888,3.884,4.32,4.857,43.2,97.3,96.9,53.7,43.6
2025-06-24,3.8,3.856,4.293,4.829,49.3,97.3,102.9,53.6,43.7
2025-06-25,3.8,3.847,4.293,4.842,49.3,99.5,104.2,54.9,44.6
2025-06-26,3.76,3.799,4.253,4.816,49.3,101.7,105.6,56.3,45.4
2025-06-27,3.82,3.828,4.283,4.845,46.3,101.7,102.5,56.2,45.5
2025-06-30,3.72,3.795,4.23,4.779,51.0,98.4,105.9,54.9,43.5
2025-07-01,3.695,3.842,4.251,4.779,55.6,93.7,108.4,52.8,40.9
2025-07-02,3.681,3.87,4.293,4.823,61.2,95.3,114.2,53.0,42.3
2025-07-03,3.85,3.939,4.348,4.862,49.8,92.3,101.2,51.4,40.9
2025-07-07,3.85,3.966,4.395,4.931,54.5,96.5,108.1,53.6,42.9
2025-07-08,3.85,3.985,4.415,4.944,56.5,95.9,109.4,52.9,43.0
2025-07-09,3.85,3.92,4.342,4.876,49.2,95.6,102.6,53.4,42.2
2025-07-10,3.836,3.931,4.346,4.861,51.0,93.0,102.5,51.5,41.5
2025-07-11,3.836,3.992,4.423,4.957,58.7,96.5,112.1,53.4,43.1
2025-07-14,3.845,3.985,4.427,4.973,58.2,98.8,112.8,54.6,44.2
2025-07-15,3.86,4.05,4.489,5.018,62.9,96.8,115.8,52.9,43.9
2025-07-16,3.816,3.985,4.455,5.014,63.9,102.9,119.8,55.9,47.0
2025-07-17,3.871,4.006,4.463,5.014,59.2,100.8,114.3,55.1,45.7
2025-07-18,3.836,3.962,4.432,5.001,59.6,103.9,116.5,56.9,47.0
2025-07-21,3.83,3.908,4.372,4.937,54.2,102.9,110.7,56.5,46.4
2025-07-22,3.849,3.876,4.336,4.902,48.7,102.6,105.3,56.6,46.0
2025-07-23,3.849,3.934,4.388,4.949,53.9,101.5,110.0,56.1,45.4
2025-07-24,3.898,3.971,4.408,4.949,51.0,97.8,105.1,54.1,43.7
2025-07-25,3.898,3.952,4.386,4.929,48.8,97.7,103.1,54.3,43.4
2025-07-28,3.901,3.977,4.42,4.964,51.9,98.7,106.3,54.4,44.3
2025-07-29,3.901,3.906,4.33,4.871,42.9,96.5,97.0,54.1,42.4
2025-07-30,3.892,3.965,4.376,4.911,48.4,94.6,101.9,53.5,41.1
2025-07-31,3.945,3.96,4.36,4.886,41.5,92.6,94.1,52.6,40.0
2025-08-01,3.72,3.771,4.22,4.807,50.0,103.6,108.7,58.7,44.9
2025-08-04,3.7,3.743,4.2,4.797,50.0,105.4,109.7,59.7,45.7
2025-08-05,3.725,3.762,4.196,4.769,47.1,100.7,104.4,57.3,43.4
2025-08-06,3.7,3.764,4.22,4.811,52.0,104.7,111.1,59.1,45.6
2025-08-07,3.7,3.79,4.244,4.816,54.4,102.6,111.6,57.2,45.4
2025-08-08,3.7,3.83,4.285,4.855,58.5,102.5,115.5,57.0,45.5
2025-08-11,3.7,3.823,4.273,4.841,57.3,101.8,114.1,56.8,45.0
2025-08-12,3.7,3.822,4.293,4.885,59.3,106.3,118.5,59.2,47.1
2025-08-13,3.683,3.77,4.238,4.828,55.5,105.8,114.5,59.0,46.8
2025-08-14,3.683,3.821,4.293,4.883,61.0,106.2,120.0,59.0,47.2
2025-08-15,3.683,3.845,4.328,4.926,64.5,108.1,124.3,59.8,48.3
2025-08-18,3.683,3.855,4.341,4.942,65.8,108.7,125.9,60.1,48.6
2025-08-19,3.683,3.822,4.302,4.902,61.9,108.0,121.9,60.0,48.0
2025-08-20,3.683,3.81,4.296,4.904,61.3,109.4,122.1,60.8,48.6
2025-08-21,3.683,3.857,4.33,4.924,64.7,106.7,124.1,59.4,47.3
2025-08-22,3.66,3.759,4.26,4.884,60.0,112.5,122.4,62.4,50.1
2025-08-25,3.66,3.785,4.275,4.888,61.5,110.3,122.8,61.3,49.0
2025-08-26,3.66,3.74,4.258,4.909,59.8,116.9,124.9,65.1,51.8
2025-08-27,3.66,3.705,4.238,4.913,57.8,120.8,125.3,67.5,53.3
2025-08-28,3.66,3.696,4.207,4.874,54.7,117.8,121.4,66.7,51.1
2025-08-29,3.62,3.699,4.227,4.917,60.7,121.8,129.7,69.0,52.8
2025-09-02,3.58,3.743,4.277,4.971,69.7,122.8,139.1,69.4,53.4
2025-09-03,3.58,3.685,4.211,4.892,63.1,120.7,131.2,68.1,52.6
2025-09-04,3.58,3.653,4.176,4.874,59.6,122.1,129.4,69.8,52.3
2025-09-05,3.575,3.583,4.086,4.775,51.1,119.2,120.0,68.9,50.3
2025-09-08,3.45,3.57,4.046,4.689,59.6,111.9,123.9,64.3,47.6
2025-09-09,3.45,3.601,4.074,4.718,62.4,111.7,126.8,64.4,47.3
2025-09-10,3.45,3.582,4.032,4.678,58.2,109.6,122.8,64.6,45.0
2025-09-11,3.45,3.578,4.011,4.651,56.1,107.3,120.1,64.0,43.3
2025-09-12,3.496,3.625,4.061,4.679,56.5,105.4,118.3,61.8,43.6
2025-09-15,3.496,3.602,4.034,4.656,53.8,105.4,116.0,62.2,43.2
2025-09-16,3.496,3.583,4.026,4.646,53.0,106.3,115.0,62.0,44.3
2025-09-17,3.496,3.649,4.076,4.675,58.0,102.6,117.9,59.9,42.7
2025-09-18,3.57,3.663,4.104,4.72,53.4,105.7,115.0,61.6,44.1
2025-09-19,3.57,3.691,4.139,4.756,56.9,106.5,118.6,61.7,44.8
2025-09-22,3.571,3.696,4.143,4.761,57.2,106.5,119.0,61.8,44.7
2025-09-23,3.571,3.677,4.12,4.738,54.9,106.1,116.7,61.8,44.3
2025-09-24,3.571,3.71,4.147,4.758,57.6,104.8,118.7,61.1,43.7
2025-09-25,3.616,3.767,4.172,4.752,55.6,98.5,113.6,58.0,40.5
2025-09-26,3.616,3.77,4.187,4.766,57.1,99.6,115.0,57.9,41.7
2025-09-29,3.632,3.741,4.141,4.704,50.9,96.3,107.2,56.3,40.0
2025-09-30,3.599,3.732,4.148,4.732,54.9,100.0,113.3,58.4,41.6
2025-10-01,3.59,3.68,4.106,4.715,51.6,103.5,112.5,60.9,42.6
2025-10-02,3.59,3.673,4.088,4.695,49.8,102.2,110.5,60.7,41.5
2025-10-03,3.59,3.708,4.119,4.714,52.9,100.6,112.4,59.5,41.1
2025-10-06,3.59,3.745,4.162,4.758,57.2,101.3,116.8,59.6,41.7
2025-10-07,3.59,3.706,4.127,4.726,53.7,102.0,113.6,59.9,42.1
2025-10-08,3.59,3.72,4.129,4.724,53.9,100.4,113.4,59.5,40.9
2025-10-09,3.59,3.741,4.148,4.733,55.8,99.2,114.3,58.5,40.7
2025-10-10,3.585,3.646,4.051,4.634,46.6,98.8,104.9,58.3,40.5
2025-10-13,3.585,3.646,4.051,4.631,46.6,98.5,104.6,58.0,40.5
2025-10-14,3.5,3.604,4.022,4.623,52.2,101.9,112.3,60.1,41.8
2025-10-15,3.5,3.63,4.046,4.639,54.6,100.9,113.9,59.3,41.6
2025-10-16,3.5,3.55,3.976,4.583,47.6,103.3,108.3,60.7,42.6
2025-10-17,3.48,3.592,4.007,4.603,52.7,101.1,112.3,59.6,41.5
2025-10-20,3.437,3.578,3.986,4.576,54.9,99.8,113.9,59.0,40.8
2025-10-21,3.437,3.56,3.963,4.548,52.6,98.8,111.1,58.5,40.3
2025-10-22,3.437,3.552,3.953,4.539,51.6,98.7,110.2,58.6,40.1
2025-10-23,3.437,3.597,3.991,4.573,55.4,97.6,113.6,58.2,39.4
2025-10-24,3.437,3.602,3.997,4.585,56.0,98.3,114.8,58.8,39.5
2025-10-27,3.437,3.614,3.997,4.57,56.0,95.6,113.3,57.3,38.3
2025-10-28,3.437,3.613,3.983,4.547,54.6,93.4,111.0,56.4,37.0
2025-10-29,3.485,3.697,4.058,4.6,57.3,90.3,111.5,54.2,36.1
2025-10-30,3.485,3.72,4.093,4.647,60.8,92.7,116.2,55.4,37.3
2025-10-31,3.605,3.717,4.101,4.67,49.6,95.3,106.5,56.9,38.4
2025-11-03,3.506,3.715,4.106,4.689,60.0,97.4,118.3,58.3,39.1
2025-11-04,3.506,3.701,4.089,4.67,58.3,96.9,116.4,58.1,38.8
2025-11-05,3.568,3.765,4.157,4.736,58.9,97.1,116.8,57.9,39.2
2025-11-06,3.568,3.689,4.093,4.688,52.5,99.9,112.0,59.5,40.4
2025-11-07,3.568,3.68,4.093,4.7,52.5,102.0,113.2,60.7,41.3
2025-11-10,3.568,3.71,4.11,4.702,54.2,99.2,113.4,59.2,40.0
2025-11-11,3.568,3.719,4.12,4.71,55.2,99.1,114.2,59.0,40.1
2025-11-12,3.568,3.668,4.065,4.661,49.7,99.3,109.3,59.6,39.7
2025-11-13,3.568,3.703,4.112,4.702,54.4,99.9,113.4,59.0,40.9
2025-11-14,3.568,3.735,4.148,4.747,58.0,101.2,117.9,59.9,41.3
2025-11-17,3.568,3.721,4.133,4.736,56.5,101.5,116.8,60.3,41.2
2025-11-18,3.568,3.694,4.123,4.743,55.5,104.9,117.5,62.0,42.9
2025-11-19,3.568,3.708,4.133,4.752,56.5,104.4,118.4,61.9,42.5
2025-11-20,3.568,3.673,4.106,4.732,53.8,105.9,116.4,62.6,43.3
2025-11-21,3.568,3.618,4.063,4.715,49.5,109.7,114.7,65.2,44.5
2025-11-24,3.568,3.605,4.038,4.678,47.0,107.3,111.0,64.0,43.3
2025-11-25,3.568,3.565,4.002,4.658,43.4,109.3,109.0,65.6,43.7
2025-11-26,3.47,3.572,3.998,4.644,52.8,107.2,117.4,64.6,42.6
2025-11-28,3.504,3.6,4.017,4.665,51.3,106.5,116.1,64.8,41.7
2025-12-01,3.419,3.673,4.096,4.744,67.7,107.1,132.5,64.8,42.3
2025-12-02,3.42,3.659,4.086,4.741,66.6,108.2,132.1,65.5,42.7
2025-12-03,3.42,3.624,4.057,4.725,63.7,110.1,130.5,66.8,43.3
2025-12-04,3.42,3.682,4.108,4.765,68.8,108.3,134.5,65.7,42.6
2025-12-05,3.43,3.715,4.139,4.792,70.9,107.7,136.2,65.3,42.4
2025-12-08,3.43,3.753,4.172,4.816,74.2,106.3,138.6,64.4,41.9
2025-12-09,3.43,3.78,4.186,4.809,75.6,102.9,137.9,62.3,40.6
2025-12-10,3.43,3.757,4.164,4.797,73.4,104.0,136.7,63.3,40.7
2025-12-11,3.43,3.715,4.141,4.79,71.1,107.5,136.0,64.9,42.6
2025-12-12,3.43,3.751,4.194,4.858,76.4,110.7,142.8,66.4,44.3
2025-12-15,3.43,3.733,4.182,4.851,75.2,111.8,142.1,66.9,44.9
2025-12-16,3.43,3.693,4.149,4.824,71.9,113.1,139.4,67.5,45.6
2025-12-17,3.43,3.695,4.151,4.828,72.1,113.3,139.8,67.7,45.6
2025-12-18,3.43,3.66,4.116,4.799,68.6,113.9,136.9,68.3,45.6
2025-12-19,3.43,3.693,4.151,4.828,72.1,113.5,139.8,67.7,45.8
2025-12-22,3.43,3.718,4.169,4.842,73.9,112.4,141.2,67.3,45.1
2025-12-23,3.43,3.734,4.169,4.831,73.9,109.7,140.1,66.2,43.5
2025-12-24,3.43,3.717,4.136,4.798,70.6,108.1,136.8,66.2,41.9
2025-12-26,3.43,3.697,4.136,4.82,70.6,112.3,139.0,68.4,43.9
2025-12-29,3.43,3.677,4.116,4.805,68.6,112.8,137.5,68.9,43.9
2025-12-30,3.43,3.682,4.13,4.813,70.0,113.1,138.3,68.3,44.8
2025-12-31,3.458,3.722,4.163,4.84,70.5,111.8,138.2,67.7,44.1
2026-01-02,3.379,3.739,4.187,4.864,80.8,112.5,148.5,67.7,44.8
2026-01-05,3.379,3.71,4.165,4.854,78.6,114.4,147.5,68.9,45.5
2026-01-06,3.379,3.72,4.179,4.866,80.0,114.6,148.7,68.7,45.9
2026-01-07,3.379,3.694,4.138,4.815,75.9,112.1,143.6,67.7,44.4
2026-01-08,3.379,3.736,4.183,4.858,80.4,112.2,147.9,67.5,44.7
2026-01-09,3.4,3.757,4.171,4.819,77.1,106.2,141.9,64.8,41.4
2026-01-12,3.418,3.767,4.187,4.84,76.9,107.3,142.2,65.3,42.0
2026-01-13,3.418,3.743,4.171,4.828,75.3,108.5,141.0,65.7,42.8
2026-01-14,3.418,3.717,4.14,4.795,72.2,107.8,137.7,65.5,42.3
2026-01-15,3.48,3.762,4.16,4.787,68.0,102.5,130.7,62.7,39.8
2026-01-16,3.48,3.828,4.231,4.84,75.1,101.2,136.0,60.9,40.3
2026-01-20,3.48,3.858,4.295,4.92,81.5,106.2,144.0,62.5,43.7
2026-01-21,3.48,3.831,4.253,4.871,77.3,104.0,139.1,61.8,42.2
2026-01-22,3.486,3.847,4.249,4.847,76.3,100.0,136.1,59.8,40.2
2026-01-23,3.486,3.839,4.239,4.833,75.3,99.4,134.7,59.4,40.0
2026-01-26,3.486,3.818,4.213,4.805,72.7,98.7,131.9,59.2,39.5
2026-01-27,3.486,3.814,4.223,4.832,73.7,101.8,134.6,60.9,40.9
2026-01-28,3.486,3.842,4.251,4.86,76.5,101.8,137.4,60.9,40.9
2026-01-29,3.486,3.805,4.227,4.854,74.1,104.9,136.8,62.7,42.2
2026-01-30,3.524,3.797,4.241,4.872,71.7,107.5,134.8,63.1,44.4
2026-02-02,3.448,3.835,4.275,4.909,82.7,107.4,146.1,63.4,44.0
2026-02-03,3.448,3.837,4.274,4.906,82.6,106.9,145.8,63.2,43.7
2026-02-04,3.448,3.833,4.275,4.915,82.7,108.2,146.7,64.0,44.2
2026-02-05,3.448,3.75,4.21,4.862,76.2,111.2,141.4,65.2,46.0
2026-02-06,3.448,3.755,4.206,4.855,75.8,110.0,140.7,64.9,45.1
2026-02-09,3.448,3.741,4.198,4.848,75.0,110.7,140.0,65.0,45.7
2026-02-10,3.448,3.699,4.147,4.788,69.9,108.9,134.0,64.1,44.8
2026-02-11,3.448,3.741,4.172,4.814,72.4,107.3,136.6,64.2,43.1
2026-02-12,3.448,3.668,4.104,4.731,65.6,106.3,128.3,62.7,43.6
2026-02-13,3.448,3.609,4.056,4.698,60.8,108.9,125.0,64.2,44.7
2026-02-17,3.448,3.621,4.052,4.683,60.4,106.2,123.5,63.1,43.1
2026-02-18,3.448,3.645,4.079,4.706,63.1,106.1,125.8,62.7,43.4
2026-02-19,3.448,3.647,4.075,4.704,62.7,105.7,125.6,62.9,42.8
2026-02-20,3.448,3.65,4.086,4.725,63.8,107.5,127.7,63.9,43.6
2026-02-23,3.448,3.582,4.029,4.696,58.1,111.4,124.8,66.7,44.7
2026-02-24,3.448,3.598,4.033,4.689,58.5,109.1,124.1,65.6,43.5
2026-02-25,3.448,3.619,4.048,4.694,60.0,107.5,124.6,64.6,42.9
2026-02-26,3.448,3.583,4.017,4.669,56.9,108.6,122.1,65.2,43.4
2026-02-27,3.376,3.512,3.962,4.633,58.6,112.1,125.7,67.1,45.0
2026-03-02,3.41,3.621,4.048,4.698,63.8,107.7,128.8,65.0,42.7
2026-03-03,3.41,3.631,4.056,4.702,64.6,107.1,129.2,64.6,42.5
2026-03-04,3.41,3.668,4.08,4.716,67.0,104.8,130.6,63.6,41.2
2026-03-05,3.41,3.743,4.146,4.752,73.6,100.9,134.2,60.6,40.3
2026-03-06,3.41,3.715,4.133,4.755,72.3,104.0,134.5,62.2,41.8
2026-03-09,3.41,3.736,4.136,4.74,72.6,100.4,133.0,60.4,40.0
2026-03-10,3.41,3.715,4.136,4.771,72.6,105.6,136.1,63.5,42.1
2026-03-11,3.41,3.782,4.208,4.857,79.8,107.5,144.7,64.9,42.6
2026-03-12,3.41,3.884,4.273,4.885,86.3,100.1,147.5,61.2,38.9
2026-03-13,3.41,3.874,4.285,4.908,87.5,103.4,149.8,62.3,41.1
2026-03-16,3.41,3.803,4.22,4.859,81.0,105.6,144.9,63.9,41.7
2026-03-17,3.41,3.786,4.202,4.852,79.2,106.6,144.2,65.0,41.6
2026-03-18,3.41,3.862,4.259,4.881,84.9,101.9,147.1,62.2,39.7
2026-03-19,3.72,3.919,4.281,4.852,56.1,93.3,113.2,57.1,36.2
2026-03-20,3.796,4.012,4.391,4.96,59.5,94.8,116.4,56.9,37.9
2026-03-23,3.796,3.95,4.334,4.912,53.8,96.2,111.6,57.8,38.4
2026-03-24,3.796,4.03,4.392,4.941,59.6,91.1,114.5,54.9,36.2
2026-03-25,3.796,3.97,4.328,4.897,53.2,92.7,110.1,56.9,35.8
2026-03-26,3.796,4.095,4.416,4.936,62.0,84.1,114.0,52.0,32.1
2026-03-27,3.796,4.07,4.44,4.982,64.4,91.2,118.6,54.2,37.0
2026-03-30,3.796,3.979,4.342,4.905,54.6,92.6,110.9,56.3,36.3
2026-03-31,3.795,3.945,4.311,4.891,51.6,94.6,109.6,58.0,36.6
2026-04-01,3.806,3.955,4.319,4.9,51.3,94.5,109.4,58.1,36.4
2026-04-02,3.806,3.948,4.313,4.89,50.7,94.2,108.4,57.7,36.5
2026-04-06,3.806,3.981,4.335,4.891,52.9,91.0,108.5,55.6,35.4
2026-04-07,3.806,3.976,4.343,4.921,53.7,94.5,111.5,57.8,36.7
2026-04-08,3.806,3.92,4.291,4.887,48.5,96.7,108.1,59.6,37.1
2026-04-09,3.806,3.915,4.293,4.897,48.7,98.2,109.1,60.4,37.8
2026-04-10,3.806,3.939,4.317,4.914,51.1,97.5,110.8,59.7,37.8
2026-04-13,3.806,3.917,4.297,4.9,49.1,98.3,109.4,60.3,38.0
2026-04-14,3.806,3.871,4.256,4.868,45.0,99.7,106.2,61.2,38.5
2026-04-15,3.806,3.896,4.282,4.891,47.6,99.5,108.5,60.9,38.6
2026-04-16,3.806,3.913,4.309,4.929,50.3,101.6,112.3,62.0,39.6
2026-04-17,3.806,3.838,4.246,4.885,44.0,104.7,107.9,63.9,40.8
2026-04-20,3.806,3.85,4.25,4.881,44.4,103.1,107.5,63.1,40.0
2026-04-21,3.806,3.908,4.292,4.898,48.6,99.0,109.2,60.6,38.4
2026-04-22,3.806,3.915,4.294,4.902,48.8,98.7,109.6,60.8,37.9
2026-04-23,3.806,3.952,4.323,4.918,51.7,96.6,111.2,59.5,37.1
2026-04-24,3.806,3.92,4.31,4.916,50.4,99.6,111.0,60.6,39.0
2026-04-27,3.806,3.947,4.336,4.942,53.0,99.5,113.6,60.6,38.9
2026-04-28,3.806,3.983,4.354,4.944,54.8,96.1,113.8,59.0,37.1
2026-04-29,3.806,4.065,4.418,4.987,61.2,92.2,118.1,56.9,35.3
2026-04-30,3.883,4.023,4.39,4.987,50.7,96.4,110.4,59.7,36.7
2026-05-01,3.816,4.021,4.378,4.966,56.2,94.5,115.0,58.8,35.7
2026-05-04,3.8,4.093,4.446,5.025,64.6,93.2,122.5,57.9,35.3
2026-05-05,3.8,4.072,4.416,4.984,61.6,91.2,118.4,56.8,34.4
2026-05-06,3.8,4.002,4.356,4.943,55.6,94.1,114.3,58.7,35.4
2026-05-07,3.8,4.044,4.392,4.969,59.2,92.5,116.9,57.7,34.8
2026-05-08,3.8,4.013,4.364,4.947,56.4,93.4,114.7,58.3,35.1
2026-05-11,3.8,4.068,4.41,4.986,61.0,91.8,118.6,57.6,34.2
2026-05-12,3.817,4.124,4.463,5.031,64.6,90.7,121.4,56.8,33.9
2026-05-13,3.82,4.13,4.481,5.047,66.1,91.7,122.7,56.6,35.1
2026-05-14,3.82,4.121,4.461,5.012,64.1,89.1,119.2,55.1,34.0
2026-05-15,3.82,4.258,4.595,5.128,77.5,87.0,130.8,53.3,33.7
2026-05-18,3.82,4.28,4.623,5.147,80.3,86.7,132.7,52.4,34.3
2026-05-19,3.82,4.33,4.667,5.181,84.7,85.1,136.1,51.4,33.7
2026-05-20,3.82,4.225,4.572,5.116,75.2,89.1,129.6,54.4,34.7
2026-05-21,3.82,4.257,4.586,5.112,76.6,85.5,129.2,52.6,32.9
2026-05-22,3.82,4.256,4.558,5.064,73.8,80.8,124.4,50.6,30.2
2026-05-26,3.82,4.183,4.493,5.026,67.3,84.3,120.6,53.3,31.0
2026-05-27,3.82,4.177,4.481,5.011,66.1,83.4,119.1,53.0,30.4
2026-05-28,3.82,4.16,4.455,4.985,63.5,82.5,116.5,53.0,29.5
2026-05-29,4.009,4.149,4.453,4.993,44.4,84.4,98.4,54.0,30.4
2026-06-01,3.84,4.186,4.475,4.991,63.5,80.5,115.1,51.6,28.9
2026-06-02,3.84,4.177,4.455,4.967,61.5,79.0,112.7,51.2,27.8
2026-06-03,3.84,4.214,4.491,4.99,65.1,77.6,115.0,49.9,27.7
2026-06-04,3.84,4.188,4.477,4.978,63.7,79.0,113.8,50.1,28.9
2026-06-05,3.84,4.28,4.536,4.999,69.6,71.9,115.9,46.3,25.6
2026-06-08,3.84,4.281,4.552,5.024,71.2,74.3,118.4,47.2,27.1
2026-06-09,3.84,4.253,4.528,5.011,68.8,75.8,117.1,48.3,27.5
2026-06-10,3.84,4.264,4.542,5.025,70.2,76.1,118.5,48.3,27.8
2026-06-11,3.84,4.19,4.463,4.951,62.3,76.1,111.1,48.8,27.3
2026-06-12,3.84,4.213,4.487,4.975,64.7,76.2,113.5,48.8,27.4
2026-06-15,3.84,4.188,4.469,4.971,62.9,78.3,113.1,50.2,28.1
2026-06-16,3.856,4.151,4.428,4.928,57.2,77.7,107.2,50.0,27.7
2026-06-17,3.856,4.229,4.463,4.926,60.7,69.7,107.0,46.3,23.4
2026-06-18,3.856,4.225,4.451,4.901,59.5,67.6,104.5,45.0,22.6
2026-06-22,3.84,4.287,4.509,4.947,66.9,66.0,110.7,43.8,22.2
2026-06-23,3.851,4.261,4.493,4.94,64.2,67.9,108.9,44.7,23.2
2026-06-24,3.851,4.176,4.402,4.856,55.1,68.0,100.5,45.4,22.6
2026-06-25,3.851,4.163,4.392,4.858,54.1,69.5,100.7,46.6,22.9
2026-06-26,3.856,4.13,4.372,4.864,51.6,73.4,100.8,49.2,24.2
2026-06-29,3.856,4.144,4.374,4.86,51.8,71.6,100.4,48.6,23.0
2026-06-30,4.13,4.186,4.418,4.902,28.8,71.6,77.2,48.4,23.2
2026-07-01,3.896,4.232,4.475,4.966,57.9,73.4,107.0,49.1,24.3
2026-07-02,3.896,4.23,4.485,4.985,58.9,75.5,108.9,50.0,25.5
2026-07-06,3.896,4.211,4.479,4.993,58.3,78.2,109.7,51.4,26.8
2026-07-07,3.91,4.257,4.529,5.043,61.9,78.6,113.3,51.4,27.2
2026-07-08,3.921,4.308,4.569,5.065,64.8,75.7,114.4,49.6,26.1
2026-07-09,3.939,4.269,4.539,5.053,60.0,78.4,111.4,51.4,27.0
2026-07-10,3.958,4.308,4.569,5.071,61.1,76.3,111.3,50.2,26.1
2026-07-13,3.965,4.363,4.609,5.098,64.4,73.5,113.3,48.9,24.6
2026-07-14,3.966,4.321,4.585,5.094,61.9,77.3,112.8,50.9,26.4
2026-07-15,3.961,4.255,4.545,5.083,58.4,82.8,112.2,53.8,29.0
2026-07-16,3.987,4.282,4.569,5.098,58.2,81.6,111.1,52.9,28.7
2026-07-17,3.997,4.273,4.541,5.064,54.4,79.1,106.7,52.3,26.8
2026-07-20,4.014,4.328,4.598,5.118,58.4,79.0,110.4,52.0,27.0
2026-07-21,4.027,4.37,4.628,5.13,60.1,76.0,110.3,50.2,25.8
2026-07-22,4.033,4.407,4.657,5.147,62.4,74.0,111.4,49.0,25.0
2026-07-23,4.035,4.461,4.703,5.171,66.8,71.0,113.6,46.8,24.2
2026-07-24,4.051,4.426,4.679,5.162,62.8,73.6,111.1,48.3,25.3
2026-07-27,4.062,4.397,4.641,5.125,57.9,72.8,106.3,48.4,24.4
2026-07-28,4.086,4.361,4.604,5.096,51.8,73.5,101.0,49.2,24.3
2026-07-29,4.086,4.352,4.622,5.143,53.6,79.1,105.7,52.1,27.0
2026-07-30,4.13,4.375,4.663,5.208,53.3,83.3,107.8,54.5,28.8
2026-07-31,4.288,4.46,4.745,5.275,45.7,81.5,98.7,53.0,28.5
2026-08-03,4.15,4.4,4.686,5.231,53.6,83.1,108.1,54.5,28.6
2026-08-04,4.15,4.333,4.627,5.19,47.7,85.7,104.0,56.3,29.4
2026-08-05,4.15,4.324,4.617,5.174,46.7,85.0,102.4,55.7,29.3
2026-08-06,4.15,4.389,4.67,5.213,52.0,82.4,106.3,54.3,28.1
2026-08-07,4.17,4.362,4.66,5.211,49.0,84.9,104.1,55.1,29.8
2026-08-10,4.17,4.405,4.699,5.243,52.9,83.8,107.3,54.4,29.4
2026-08-11,4.17,4.385,4.684,5.236,51.4,85.1,106.6,55.2,29.9
2026-08-12,4.17,4.375,4.682,5.247,51.2,87.2,107.7,56.5,30.7
2026-08-13,4.17,4.313,4.641,5.213,47.1,90.0,104.3,57.2,32.8
2026-08-14,4.17,4.362,4.696,5.265,52.6,90.3,109.5,56.9,33.4
2026-08-17,4.17,4.376,4.724,5.309,55.4,93.3,113.9,58.5,34.8
2026-08-18,4.17,4.367,4.706,5.285,53.6,91.8,111.5,57.9,33.9
2026-08-19,4.17,4.353,4.653,5.194,48.3,84.1,102.4,54.1,30.0
2026-08-20,4.17,4.387,4.696,5.237,52.6,85.0,106.7,54.1,30.9
2026-08-21,4.17,4.424,4.738,5.276,56.8,85.2,110.6,53.8,31.4
2026-08-24,4.17,4.408,4.704,5.231,53.4,82.3,106.1,52.7,29.6
2026-08-25,4.17,4.351,4.639,5.174,46.9,82.3,100.4,53.5,28.8
2026-08-26,4.17,4.381,4.664,5.186,49.4,80.5,101.6,52.2,28.3
2026-08-27,4.17,4.396,4.672,5.191,50.2,79.5,102.1,51.9,27.6
2026-08-28,4.17,4.481,4.72,5.206,55.0,72.5,103.6,48.6,23.9
2026-08-31,4.349,4.507,4.758,5.249,40.9,74.2,90.0,49.1,25.1
2026-09-01,4.19,4.557,4.796,5.268,60.6,71.1,107.8,47.2,23.9
2026-09-02,4.2,4.552,4.796,5.267,59.6,71.5,106.7,47.1,24.4
2026-09-03,4.2,4.509,4.762,5.243,56.2,73.4,104.3,48.1,25.3
2026-09-04,4.2,4.55,4.784,5.246,58.4,69.6,104.6,46.2,23.4
2026-09-08,4.2,4.573,4.806,5.264,60.6,69.1,106.4,45.8,23.3
2026-09-09,4.182,4.614,4.837,5.286,65.5,67.2,110.4,44.9,22.3
2026-09-10,4.375,4.733,4.944,5.361,56.9,62.8,98.6,41.7,21.1
2026-09-11,4.38,4.791,4.975,5.354,59.5,56.3,97.4,37.9,18.4
2026-09-14,4.382,4.79,4.961,5.329,57.9,53.9,94.7,36.8,17.1
2026-09-15,4.385,4.826,4.996,5.364,61.1,53.8,97.9,36.8,17.0
2026-09-16,4.395,4.859,5.006,5.349,61.1,49.0,95.4,34.3,14.7
2026-09-17,4.404,4.801,4.947,5.296,54.3,49.5,89.2,34.9,14.6
2026-09-18,4.416,4.856,4.998,5.331,58.2,47.5,91.5,33.3,14.2
2026-09-21,4.422,4.834,4.963,5.296,54.1,46.2,87.4,33.3,12.9
2026-09-22,4.422,4.842,4.968,5.303,54.6,46.1,88.1,33.5,12.6
